Geographic code / Code géographique ,"Geographic level, English / Niveau géographique, anglais","Geographic level, French / Niveau géographique, français","Geography name, type, province or territory abbreviation, English / Nom de la géographie, type, province ou territoire abréviation, anglais","Geography name, type, province or territory abbreviation, French / Nom de la géographie, type, province ou territoire abréviation, français","Geography name, English / Nom de la géographie, anglais","Geography name, French / Nom de la géographie, français","Type, English / Type, anglais","Type, French / Type, français","Geography level, English / Niveau géographique, anglais","Geography level, French / Niveau géographique, français",Long-form data quality flag / Indicateur relatif à la qualité des données,"Global non-response rate (GNR), long-form census questionnaire / Taux global de non-réponse (TGN), questionnaire détaillé ","Occupied private dwellings, 2016 / Logements privés occupés, 2016","Rate of core housing need, 2006 (1)/ Taux des besoins impérieux en matière de logement, 2006(1)","Rate of core housing need, 2011(1) / Taux des besoins impérieux en matière de logement, 2011(1)","Rate of core housing need, 2016(1) / Taux des besoins impérieux en matière de logement, 2016(1)","Number of households in core housing need, 2016 / Nombre de logements qui avait des besoins impérieux en matière de logement, 2016","Core housing need, Unsuitable only, 2016 / Besoins impérieux en matière de logement, de taille non convenable seulement, 2016","Core housing need, Inadequate only, 2016 / Besoins impérieux en matière de logement, inadéquat seulement, 2016","Core housing need, Unaffordable only, 2016 / Besoins impérieux en matière de logement, inabordable seulement, 2016","Core housing need, two or more dimensions, 2016 / Besoins impérieux en matière de logement, 2016","Rate of unaffordable housing, 2006(4) / Taux de logements non abordables, 2006(4)","Rate of unaffordable housing, 2011(4) / Taux de logements non abordables, 2011(4)","Rate of unaffordable housing, 2016(4) / Taux de logements non abordables, 2016(4)","Unaffordable housing not in core need, 2016 / Logement inabordable n'étant pas dans les besoins impérieux, 2016","Unaffordable housing in core need, 2016 / Logement inabordable, dans les besoins impérieux, 2016","Unaffordable housing not applicable for core need, 2016 / Logement inabordable, pas applicable aux besoins impérieux, 2016","Rate of unaffordable housing, owner-households, 2016(4) / Taux de logements inabordables, ménages en propriétés, 2016(4)","Rate of unaffordable housing, renter-households, 2016(4) / Taux de logements inabordables, ménages en locations, 2016(4)","Rate of inadequate housing, 2006(3) / Taux de logements inadéquats, 2006(3)","Rate of inadequate housing, 2011(3) / Taux de logements inadéquats, 2011(3)","Rate of inadequate housing, 2016(3) / Taux de logements inadéquatsm, 2016(3)","Inadequate housing not in core need, 2016 / Logement inadéquat, pas dans les besoins impérieux, 2016","Inadequate housing in core need, 2016 / Logement inadéquat, dans les besoins impérieux, 2016","Inadequate housing not applicable for core need, 2016 / Logement inadéquat, pas applicable aux besoins impérieux, 2016","Rate of unsuitable housing, 2006(2) / Taux de logements de taille non convenable, 2006(2)","Rate of unsuitable housing, 2011(2) / Taux de logements de taille non convenable, 2011(2)","Rate of unsuitable housing, 2016(2) / Taux de logements de taille non convenable, 2016(2)","Unsuitable housing not in core need, 2016 / Logement de taille non convenable, pas dans les besoins impérieux, 2016","Unsuitable housing in core need, 2016 / Logement de taille non convenable, dans les besoins impérieux, 2016","Unsuitable housing not applicable for core need, 2016 / Logement de taille non convenable, pas applicable aux besoins impérieux, 2016"
1,CMA,RMR,St. John's [CMA] (N.L.),St. John's [RMR] (T.-N.-L.),St. John's,St. John's,CMA,RMR,Census metropolitan area,Région métropolitaine de recensement,0,5.3,85015,13.5,11.9,11.5,9480,75,460,8125,820,22.7,21.6,21.6,7270,8935,2130,13.5,40.6,5.5,6,4.2,2290,1150,160,3.1,3.4,1.8,1210,230,90
5,CMA,RMR,Bay Roberts [CA] (N.L.),Bay Roberts [AR] (T.-N.-L.),Bay Roberts,Bay Roberts,CA,AR,Census agglomeration,Agglomération de recensement,0,8.2,4500,11.5,11.4,6.7,300,0,15,270,20,18.7,19.7,18.8,515,290,40,13.1,50.4,9.3,8.2,7.4,305,30,0,3.1,1.7,1.9,70,0,0
10,CMA,RMR,Grand Falls-Windsor [CA] (N.L.),Grand Falls-Windsor [AR] (T.-N.-L.),Grand Falls-Windsor,Grand Falls-Windsor,CA,AR,Census agglomeration,Agglomération de recensement,0,3.6,6090,11.9,12.6,11.2,670,0,40,530,95,21.5,24,19.8,500,615,95,9.3,41.8,7.5,8.5,7.4,310,125,10,1.9,2.6,1.4,60,30,10
11,CMA,RMR,Gander [CA] (N.L.),Gander [AR] (T.-N.-L.),Gander,Gander,CA,AR,Census agglomeration,Agglomération de recensement,0,4.6,5540,9.9,9.6,8.4,460,0,40,360,60,19.2,18.8,18.1,520,420,65,8,40.1,5.8,7,6.1,245,95,0,3.2,1.7,1.2,60,10,0
15,CMA,RMR,Corner Brook [CA] (N.L.),Corner Brook [AR] (T.-N.-L.),Corner Brook,Corner Brook,CA,AR,Census agglomeration,Agglomération de recensement,0,7.7,13620,12.3,11.1,7.6,1020,0,55,820,140,17.6,18.8,18.3,1295,955,235,10.5,37.5,7.6,10.1,5.8,610,165,15,3.3,2.2,1.9,225,35,10
105,CMA,RMR,Charlottetown [CA] (P.E.I.),Charlottetown [AR] (Î.-P.-É.),Charlottetown,Charlottetown,CA,AR,Census agglomeration,Agglomération de recensement,0,4.9,28950,12,9.4,9,2495,45,60,2090,295,24.4,22.7,22.2,3055,2380,905,12.1,39.2,6.5,6.1,5.9,1305,290,115,4.2,4,2.8,595,140,80
110,CMA,RMR,Summerside [CA] (P.E.I.),Summerside [AR] (Î.-P.-É.),Summerside,Summerside,CA,AR,Census agglomeration,Agglomération de recensement,0,5.6,7215,12.2,8,8.2,580,15,0,485,75,21.4,22.8,21.5,865,560,120,11.7,35.1,8.4,5.6,7.2,425,75,15,4.3,3.4,2.1,145,15,0
205,CMA,RMR,Halifax [CMA] (N.S.),Halifax [RMR] (N.-É.),Halifax,Halifax,CMA,RMR,Census metropolitan area,Région métropolitaine de recensement,0,4.7,173460,13.6,13,13.7,22845,655,985,17750,3455,25.2,25.4,25,15465,21105,6635,12.9,43.3,6.8,7.4,6.6,7345,3585,535,4.2,4.2,3.5,3780,1700,510
210,CMA,RMR,Kentville [CA] (N.S.),Kentville [AR] (N.-É.),Kentville,Kentville,CA,AR,Census agglomeration,Agglomération de recensement,0,5.3,11370,11,11.5,12,1315,0,70,1030,220,22.6,24.3,22.7,1040,1245,260,11.9,44.7,9.2,8.8,9.1,740,250,45,3.3,3.1,2,175,50,10
215,CMA,RMR,Truro [CA] (N.S.),Truro [AR] (N.-É.),Truro,Truro,CA,AR,Census agglomeration,Agglomération de recensement,0,5.6,20095,10.9,9.2,10.9,2085,30,85,1640,335,20.3,21.8,20.8,1710,1965,410,10,44.4,10.4,11.3,8.9,1325,345,125,3.8,3,2.3,295,135,30
220,CMA,RMR,New Glasgow [CA] (N.S.),New Glasgow [AR] (N.-É.),New Glasgow,New Glasgow,CA,AR,Census agglomeration,Agglomération de recensement,0,6.7,15130,10.3,11.9,10.8,1585,30,145,1120,300,21.1,19.2,19.9,1285,1410,255,11.4,42.9,12.7,14.3,11.3,1195,395,120,3.9,3.5,2.5,280,90,15
225,CMA,RMR,Cape Breton [CA] (N.S.),Cape Breton [AR] (N.-É.),Cape Breton,Cape Breton,CA,AR,Census agglomeration,Agglomération de recensement,0,5.8,43085,16.1,14,13.4,5460,160,440,3995,855,22.6,21,20.8,2980,4800,885,11.4,45.2,12.1,11.2,10.5,2900,1150,465,4.4,5,3.3,860,390,190
305,CMA,RMR,Moncton [CMA] (N.B.),Moncton [RMR] (N.-B.),Moncton,Moncton,CMA,RMR,Census metropolitan area,Région métropolitaine de recensement,0,4.5,61770,10.7,9.5,8.9,5375,115,205,4350,705,21.5,21.9,20.2,6025,5045,1350,11.4,40,6.7,6.6,5.6,2610,740,120,3,2.6,2.3,980,320,90
310,CMA,RMR,Saint John [CMA] (N.B.),Saint John [RMR] (N.-B.),Saint John,Saint John,CMA,RMR,Census metropolitan area,Région métropolitaine de recensement,0,4.9,52870,9.5,10.7,8.8,4550,80,295,3510,665,19.1,21.2,18.8,4630,4150,1125,11.5,36.2,9,9.1,8,3190,845,200,3.6,3.4,2.3,915,240,50
320,CMA,RMR,Fredericton [CA] (N.B.),Fredericton [AR] (N.-B.),Fredericton,Fredericton,CA,AR,Census agglomeration,Agglomération de recensement,0,4,42775,11.8,10.5,9.9,4050,125,215,3095,610,20,19.7,18.7,3140,3675,1040,10.4,40,8,8.6,6.7,1960,685,230,3.3,3.5,2.7,660,320,165
328,CMA,RMR,Bathurst [CA] (N.B.),Bathurst [AR] (N.-B.),Bathurst,Bathurst,CA,AR,Census agglomeration,Agglomération de recensement,0,5.4,13970,9.6,7.9,5.7,775,15,70,545,140,16.8,16.9,16.4,1340,680,240,8.8,39.5,11.2,10.9,8.4,905,210,55,2.7,2.3,1.3,150,25,0
329,CMA,RMR,Miramichi [CA] (N.B.),Miramichi [AR] (N.-B.),Miramichi,Miramichi,CA,AR,Census agglomeration,Agglomération de recensement,0,4.2,11940,7.6,5.8,8,900,10,75,650,165,16.5,16.6,14.9,730,815,170,9.1,36.6,11.2,10.5,9.5,785,230,115,3.1,3.1,1.8,175,20,15
330,CMA,RMR,Campbellton [CA] (N.B. / Que.),Campbellton [AR] (N.-B. / Qc),Campbellton,Campbellton,CA,AR,Census agglomeration,Agglomération de recensement,0,8,7085,12.6,13.4,11.2,715,10,50,570,90,21.1,22.2,17.3,385,655,90,9.6,37,12.3,11.3,9.8,435,135,120,3.6,3.5,2.6,145,15,30
335,CMA,RMR,Edmundston [CA] (N.B.),Edmundston [AR] (N.-B.),Edmundston,Edmundston,CA,AR,Census agglomeration,Agglomération de recensement,0,4.9,10535,8.5,7.6,6.3,645,0,20,525,105,19.9,19.9,18.2,1095,625,180,11.8,36.1,10.1,9.3,7.9,680,110,50,2.6,1.7,1.2,105,20,0
403,CMA,RMR,Matane [CA] (Que.),Matane [AR] (Qc),Matane,Matane,CA,AR,Census agglomeration,Agglomération de recensement,0,5.2,8575,8.1,8.4,5.5,460,10,20,385,55,18.9,19.9,16.4,850,435,105,9.4,31.1,11,7.9,7.3,545,65,10,2.2,1.5,1.1,85,10,0
404,CMA,RMR,Rimouski [CA] (Que.),Rimouski [AR] (Qc),Rimouski,Rimouski,CA,AR,Census agglomeration,Agglomération de recensement,0,3.6,25455,8.2,7.9,5.9,1480,10,65,1250,155,18.2,18,17.4,2570,1395,440,9.1,32.6,6,6.6,5.2,1120,195,25,2.3,2.2,1.2,260,40,10
405,CMA,RMR,Rivière-du-Loup [CA] (Que.),Rivière-du-Loup [AR] (Qc),Rivière-du-Loup,Rivière-du-Loup,CA,AR,Census agglomeration,Agglomération de recensement,0,4.8,12905,6.5,5.1,4,505,10,10,460,30,15.4,17.6,15.5,1390,485,105,8.4,28,5.8,6.5,4.2,505,35,10,2.1,1.2,1,110,15,0
406,CMA,RMR,Baie-Comeau [CA] (Que.),Baie-Comeau [AR] (Qc),Baie-Comeau,Baie-Comeau,CA,AR,Census agglomeration,Agglomération de recensement,0,8.5,12365,6.1,5.2,3.7,450,10,15,385,40,13.3,14.3,12,955,425,105,7.1,25.7,8.7,7,6.5,745,40,15,2.4,2.5,1.5,165,25,0
408,CMA,RMR,Saguenay [CMA] (Que.),Saguenay [RMR] (Qc),Saguenay,Saguenay,CMA,RMR,Census metropolitan area,Région métropolitaine de recensement,0,4.6,72475,8,5.9,5,3535,25,80,3010,415,18.3,18.9,16.9,7795,3425,990,9.8,29.7,6.8,6,5.4,3410,420,90,2.1,2.1,1,620,105,10
410,CMA,RMR,Alma [CA] (Que.),Alma [AR] (Qc),Alma,Alma,CA,AR,Census agglomeration,Agglomération de recensement,0,4.8,14465,9.1,5.1,4.5,645,0,0,565,65,19.4,16.4,15.8,1525,635,120,9.6,29.3,5.5,4.3,5,655,60,10,1.6,1.7,0.8,95,15,10
411,CMA,RMR,Dolbeau-Mistassini [CA] (Que.),Dolbeau-Mistassini [AR] (Qc),Dolbeau-Mistassini,Dolbeau-Mistassini,CA,AR,Census agglomeration,Agglomération de recensement,0,3.8,6865,7.9,7.4,2.9,195,0,0,180,15,20.3,18.3,14,680,195,80,7.7,27.4,6.7,5.9,4.6,295,10,15,1.9,1.7,1.4,85,0,10
412,CMA,RMR,Sept-Îles [CA] (Que.),Sept-Îles [AR] (Qc),Sept-Îles,Sept-Îles,CA,AR,Census agglomeration,Agglomération de recensement,0,6.1,12275,7,6.4,6.3,700,10,50,595,50,14.4,14.7,13.5,730,645,150,7.1,26.5,10.9,11.9,10.1,780,95,355,3.2,3,2.6,180,10,130
421,CMA,RMR,Québec [CMA] (Que.),Québec [RMR] (Qc),Québec,Québec,CMA,RMR,Census metropolitan area,Région métropolitaine de recensement,0,4.3,361890,9.3,8.6,7.2,25605,425,620,22470,2090,19.3,20,17.8,33425,24485,6225,9.7,30.1,6.2,5.5,4.9,14945,2265,575,2.8,2.8,1.9,5560,995,195
423,CMA,RMR,Sainte-Marie [CA] (Que.),Sainte-Marie [AR] (Qc),Sainte-Marie,Sainte-Marie,CA,AR,Census agglomeration,Agglomération de recensement,0,3.9,5650,5.1,5.3,2.7,150,0,0,140,10,13.3,18,13.1,560,145,25,7.9,25.1,4.6,5.1,3,165,10,0,3,3.4,1.2,65,10,0
428,CMA,RMR,Saint-Georges [CA] (Que.),Saint-Georges [AR] (Qc),Saint-Georges,Saint-Georges,CA,AR,Census agglomeration,Agglomération de recensement,0,5.6,14590,7.7,5.9,5.8,825,10,20,740,65,19.2,19.4,17.9,1565,800,235,9.2,32.9,4.6,4.8,3.7,450,75,15,2.3,2.1,1.2,160,15,0
430,CMA,RMR,Thetford Mines [CA] (Que.),Thetford Mines [AR] (Qc),Thetford Mines,Thetford Mines,CA,AR,Census agglomeration,Agglomération de recensement,0,4.9,13350,7.2,5.9,4.2,545,0,10,480,50,16.6,16.9,15.7,1380,530,170,9.4,30.1,5.7,6.9,5.5,660,65,20,1.6,1.9,0.6,75,0,0
433,CMA,RMR,Sherbrooke [CMA] (Que.),Sherbrooke [RMR] (Qc),Sherbrooke,Sherbrooke,CMA,RMR,Census metropolitan area,Région métropolitaine de recensement,0,4.2,95575,9.3,9.8,7.2,6700,195,80,5870,565,22.9,24.9,21.3,11880,6425,2005,11.7,33.7,5.7,5.2,5,4115,495,205,3.3,3.1,2.1,1565,350,110
437,CMA,RMR,Cowansville [CA] (Que.),Cowansville [AR] (Qc),Cowansville,Cowansville,CA,AR,Census agglomeration,Agglomération de recensement,0,4.5,5995,6.2,9.2,7.1,420,20,10,335,55,17,21.9,20.7,760,385,95,12.3,29.9,7.2,6.2,5.8,280,60,10,3.2,3.8,2.3,110,35,0
440,CMA,RMR,Victoriaville [CA] (Que.),Victoriaville [AR] (Qc),Victoriaville,Victoriaville,CA,AR,Census agglomeration,Agglomération de recensement,0,3.8,21800,9.2,7.5,5.3,1135,20,10,1035,75,18.9,22.4,17.8,2455,1110,295,9.3,32.4,5.1,3.4,3.3,620,80,30,2.3,2.8,1.4,280,25,0
442,CMA,RMR,Trois-Rivières [CMA] (Que.),Trois-Rivières [RMR] (Qc),Trois-Rivières,Trois-Rivières,CMA,RMR,Census metropolitan area,Région métropolitaine de recensement,0,3.8,72500,12.3,8.2,6.2,4405,60,70,3805,470,21.5,22.3,18.9,8140,4265,1195,9.5,31.9,6.6,6.6,5.8,3595,480,155,2.2,2.4,1.5,925,135,20
444,CMA,RMR,Shawinigan [CA] (Que.),Shawinigan [AR] (Qc),Shawinigan,Shawinigan,CA,AR,Census agglomeration,Agglomération de recensement,0,5.1,26335,11.7,8.4,7.7,1980,10,40,1765,170,21.4,21.5,20.8,3090,1930,445,11.2,34.5,8.1,6,6.2,1420,200,25,1.9,2.1,1.1,265,20,0
447,CMA,RMR,Drummondville [CA] (Que.),Drummondville [AR] (Qc),Drummondville,Drummondville,CA,AR,Census agglomeration,Agglomération de recensement,0,4.5,42270,8.9,8.5,6.9,2855,55,60,2420,320,19.5,22.1,18.2,4350,2735,565,9.7,31,6.2,5.9,4.6,1535,340,70,2.9,2.7,1.8,595,120,35
450,CMA,RMR,Granby [CA] (Que.),Granby [AR] (Qc),Granby,Granby,CA,AR,Census agglomeration,Agglomération de recensement,0,5.2,37775,8,8.7,6.3,2310,50,10,2045,205,19.4,22,20.7,4960,2235,545,11.5,34.4,5.2,4.9,4.3,1390,170,70,3.5,3,2.3,745,110,20
452,CMA,RMR,Saint-Hyacinthe [CA] (Que.),Saint-Hyacinthe [AR] (Qc),Saint-Hyacinthe,Saint-Hyacinthe,CA,AR,Census agglomeration,Agglomération de recensement,0,4.4,27005,8.9,9.5,7.7,2035,45,25,1745,210,20.4,23,20.9,3215,1950,425,11.2,31.4,5.1,4.3,5,1120,175,45,3.6,3.2,2.4,520,125,10
454,CMA,RMR,Sorel-Tracy [CA] (Que.),Sorel-Tracy [AR] (Qc),Sorel-Tracy,Sorel-Tracy,CA,AR,Census agglomeration,Agglomération de recensement,0,4.3,19655,10.6,7.5,7.7,1490,20,50,1250,165,17.4,20.4,18.9,2050,1410,240,10.3,33.8,6.5,7.5,5.1,780,205,20,2.8,2,1.6,250,45,10
456,CMA,RMR,Joliette [CA] (Que.),Joliette [AR] (Qc),Joliette,Joliette,CA,AR,Census agglomeration,Agglomération de recensement,0,5.3,22480,10.8,10.3,11.3,2495,45,45,2160,240,24.2,23.8,23,2390,2390,395,10.1,38.6,5.1,4.1,4.5,760,220,25,3.3,3.2,2.4,400,135,10
462,CMA,RMR,Montréal [CMA] (Que.),Montréal [RMR] (Qc),Montréal,Montréal,CMA,RMR,Census metropolitan area,Région métropolitaine de recensement,20000,3.7,1727310,12.5,13.2,10.9,182340,6415,3570,145200,27160,25.6,27.4,24.6,195235,171535,56645,15.5,36,7.7,7,6.5,87605,19550,4445,6.6,6.7,5.6,73610,19765,4220
465,CMA,RMR,Salaberry-de-Valleyfield [CA] (Que.),Salaberry-de-Valleyfield [AR] (Qc),Salaberry-de-Valleyfield,Salaberry-de-Valleyfield,CA,AR,Census agglomeration,Agglomération de recensement,0,4.4,18625,12.7,12.7,10.9,1995,35,30,1615,315,22.3,24.6,23.8,2255,1915,245,13.4,37.7,9,8,6.4,885,285,25,3.1,2.7,2.7,375,115,10
468,CMA,RMR,Lachute [CA] (Que.),Lachute [AR] (Qc),Lachute,Lachute,CA,AR,Census agglomeration,Agglomération de recensement,0,5.4,5985,13.3,10.7,10.8,635,15,15,530,75,24.6,25,26.2,875,605,85,14.7,38.6,10,8.2,7.4,365,65,10,3.6,3.7,3.8,185,40,0
480,CMA,RMR,Val-d'Or [CA] (Que.),Val-d'Or [AR] (Qc),Val-d'Or,Val-d'Or,CA,AR,Census agglomeration,Agglomération de recensement,0,5,14880,10.6,6.8,4.8,685,0,0,590,90,18.2,17,16.2,1465,675,215,9.5,27.6,7.2,9.1,7.8,915,85,160,2.9,2.9,2.1,220,20,75
485,CMA,RMR,Rouyn-Noranda [CA] (Que.),Rouyn-Noranda [AR] (Qc),Rouyn-Noranda,Rouyn-Noranda,CA,AR,Census agglomeration,Agglomération de recensement,0,6,18855,10.1,6.6,5,925,10,15,750,160,18.5,18.3,16.7,1875,900,350,8.7,30.5,8.4,9.4,7.7,1240,165,40,2.3,2.8,2,350,25,0
501,CMA,RMR,Cornwall [CA] (Ont.),Cornwall [AR] (Ont.),Cornwall,Cornwall,CA,AR,Census agglomeration,Agglomération de recensement,0,4.4,26080,16.1,12.9,16,4070,70,100,3285,620,26.9,25,27.4,2700,3895,525,13.9,48.8,7.8,9.1,8.3,1430,630,95,4,4.6,2.9,550,195,10
502,CMA,RMR,Hawkesbury [CA] (Ont. / Que.),Hawkesbury [AR] (Ont. / Qc),Hawkesbury,Hawkesbury,CA,AR,Census agglomeration,Agglomération de recensement,0,6.1,5745,24.9,18.4,19.9,1120,10,25,940,155,32.9,31.3,33.4,710,1080,130,16.6,51.4,9.1,7.5,8.5,330,145,10,4.5,4.2,2.5,95,45,0
505,CMA,RMR,Ottawa - Gatineau [CMA] (Ont. / Que.),Ottawa - Gatineau [RMR] (Ont. / Qc),Ottawa,Ottawa - Gatineau,CMA,RMR,Census metropolitan area,Région métropolitaine de recensement,0,4,535495,12,10.6,11.9,61355,3045,2270,47275,8760,22.5,22.1,22.5,47175,55650,17305,13.4,40.6,6.6,6.4,5.6,21100,7475,1340,5.3,5.2,4.1,13425,7420,1225
507,CMA,RMR,Arnprior [CA] (Ont.),Arnprior [AR] (Ont.),Arnprior,Arnprior,CA,AR,Census agglomeration,Agglomération de recensement,0,4.7,6800,9.2,12.2,10.7,700,15,30,575,75,21.2,23.7,20.4,575,660,140,14.3,38.2,6.4,6.7,6.5,325,105,10,1.9,3.1,2.1,120,20,0
509,CMA,RMR,Carleton Place [CA] (Ont.),Carleton Place [AR] (Ont.),Carleton Place,Carleton Place,CA,AR,Census agglomeration,Agglomération de recensement,0,4.9,12435,9.7,6.2,8.9,1060,15,25,890,125,21.9,17.7,20.6,1215,1020,290,14.7,46.8,7.2,6.6,6.3,610,130,40,3.1,2.9,1.8,185,45,10
512,CMA,RMR,Brockville [CA] (Ont.),Brockville [AR] (Ont.),Brockville,Brockville,CA,AR,Census agglomeration,Agglomération de recensement,0,4.3,16910,11.2,11.3,13.4,2180,40,70,1700,375,21.9,23.7,25.3,1820,2060,330,14.2,51,6.9,7.5,7.7,860,370,80,3.6,3.7,2.6,290,135,15
515,CMA,RMR,Pembroke [CA] (Ont.),Pembroke [AR] (Ont.),Pembroke,Pembroke,CA,AR,Census agglomeration,Agglomération de recensement,0,4.6,9915,14.8,11.7,17,1630,30,60,1250,285,22.4,22.3,26.4,845,1525,225,15.9,50.5,8.1,8.8,9.1,535,315,50,3.6,2.7,2.3,135,85,0
516,CMA,RMR,Petawawa [CA] (Ont.),Petawawa [AR] (Ont.),Petawawa,Petawawa,CA,AR,Census agglomeration,Agglomération de recensement,100,3,6335,5.6,2.3,5,315,0,10,250,50,10.8,8.9,11.7,375,300,65,9.8,15.3,8.3,6.8,7.6,420,45,15,3.8,1.7,2,100,15,0
521,CMA,RMR,Kingston [CMA] (Ont.),Kingston [RMR] (Ont.),Kingston,Kingston,CMA,RMR,Census metropolitan area,Région métropolitaine de recensement,0,4.4,67915,12.7,12.7,14.2,9265,285,360,7480,1140,25.9,26.3,26,6845,8590,2110,14.2,48.3,6.9,7.3,6.1,2655,1225,245,3.2,4,2.7,1155,655,55
522,CMA,RMR,Belleville [CMA] (Ont.),Belleville [RMR] (Ont.),Belleville,Belleville,CMA,RMR,Census metropolitan area,Région métropolitaine de recensement,0,4.8,43005,13.8,13.1,15.4,6385,110,170,5155,950,24.1,24.2,24.6,3500,6080,850,14.5,47,7.5,6.6,7,1975,900,135,3.6,3.9,2.9,810,400,40
527,CMA,RMR,Cobourg [CA] (Ont.),Cobourg [AR] (Ont.),Cobourg,Cobourg,CA,AR,Census agglomeration,Agglomération de recensement,0,3.6,8640,10.8,11.8,16.1,1350,25,45,1105,180,24,25.7,26.5,785,1270,225,16.2,50.7,6,6.9,6.5,340,205,20,4.2,3.2,2.3,115,80,10
528,CMA,RMR,Port Hope [CA] (Ont.),Port Hope [AR] (Ont.),Port Hope,Port Hope,CA,AR,Census agglomeration,Agglomération de recensement,0,4.2,7075,8.5,10.4,14.8,1010,25,55,790,140,23.4,23,24,605,930,135,16.8,49.5,7.4,8.1,7.6,350,160,30,4.6,4,3.1,150,60,0
529,CMA,RMR,Peterborough [CMA] (Ont.),Peterborough [RMR] (Ont.),Peterborough,Peterborough,CMA,RMR,Census metropolitan area,Région métropolitaine de recensement,0,4.5,50535,14,13.2,15.1,7225,195,220,5895,915,26.3,25.9,27,5125,6775,1395,16.2,52.5,7.6,7.3,6.5,2085,930,290,4.1,3.7,2.6,720,490,105
530,CMA,RMR,Kawartha Lakes [CA] (Ont.),Kawartha Lakes [AR] (Ont.),Kawartha Lakes,Kawartha Lakes,CA,AR,Census agglomeration,Agglomération de recensement,0,5.5,31110,13,12.1,13.3,3900,70,185,3145,505,24.9,25.5,23.7,2630,3645,835,17.7,51.6,7.4,6.6,6.5,1310,575,155,3.5,3.4,2.5,545,205,30
531,CMA,RMR,Centre Wellington [CA] (Ont.),Centre Wellington [AR] (Ont.),Centre Wellington,Centre Wellington,CA,AR,Census agglomeration,Agglomération de recensement,0,4.2,10825,10.2,8.6,6.5,665,0,10,585,65,19.6,20.3,19.2,1135,655,230,14.1,41.3,5,5.4,4.8,430,45,55,2.9,3,2.4,205,40,10
532,CMA,RMR,Oshawa [CMA] (Ont.),Oshawa [RMR] (Ont.),Oshawa,Oshawa,CMA,RMR,Census metropolitan area,Région métropolitaine de recensement,0,4,138960,11.6,10.5,12.7,17160,390,385,13800,2580,24.4,24.9,24.8,14705,16295,3335,18,48.5,5.4,5.2,5.2,4840,2120,285,4.4,4.8,3.7,3585,1485,110
533,CMA,RMR,Ingersoll [CA] (Ont.),Ingersoll [AR] (Ont.),Ingersoll,Ingersoll,CA,AR,Census agglomeration,Agglomération de recensement,0,3,5090,7.9,8.2,9.1,455,0,15,335,95,20.1,20,18.7,425,430,95,12.5,37.7,6.4,7.7,7.7,285,105,0,3.9,3.3,2,80,20,0
535,CMA,RMR,Toronto [CMA] (Ont.),Toronto [RMR] (Ont.),Toronto,Toronto,CMA,RMR,Census metropolitan area,Région métropolitaine de recensement,0,4.2,2135910,19,16.9,19.1,384280,24270,10510,276015,73485,32.4,31.8,33.4,243535,345900,122915,26.7,46.9,6,6,5.4,68235,40620,7365,12.3,11.2,9.6,118005,75805,11610
537,CMA,RMR,Hamilton [CMA] (Ont.),Hamilton [RMR] (Ont.),Hamilton,Hamilton,CMA,RMR,Census metropolitan area,Région métropolitaine de recensement,0,4.5,293345,12.9,11.3,13,36810,1445,1360,28115,5880,25.5,25.4,25.2,31085,33795,8880,16.8,45.2,6.7,6.8,6.3,12325,5270,775,5.5,5.7,4.5,8720,3930,585
539,CMA,RMR,St. Catharines - Niagara [CMA] (Ont.),St. Catharines - Niagara [RMR] (Ont.),St. Catharines - Niagara,St. Catharines - Niagara,CMA,RMR,Census metropolitan area,Région métropolitaine de recensement,0,5.1,168485,12.2,11.6,13.9,22665,445,560,18635,3025,25,25.3,25.4,16635,21600,4325,16.8,48.5,6.6,6.9,6.5,7340,2985,555,4.5,4.3,3.1,3775,1220,190
541,CMA,RMR,Kitchener - Cambridge - Waterloo [CMA] (Ont.),Kitchener - Cambridge - Waterloo [RMR] (Ont.),Kitchener - Cambridge - Waterloo,Kitchener - Cambridge - Waterloo,CMA,RMR,Census metropolitan area,Région métropolitaine de recensement,0,4.4,200495,10,10.1,11.4,22075,705,405,17945,3020,22.4,23.9,23.5,20010,20890,6085,14.6,42.3,5.3,5.1,5,7325,2260,485,5.5,5.3,4.5,6315,2100,525
543,CMA,RMR,Brantford [CMA] (Ont.),Brantford [RMR] (Ont.),Brantford,Brantford,CMA,RMR,Census metropolitan area,Région métropolitaine de recensement,20000,5.3,52530,11.4,13.4,14,7130,220,240,5550,1125,22.9,24.6,23.3,4445,6625,1040,14.8,45.4,6.6,8.2,6.8,2280,1140,125,4.2,4.8,3.3,1145,545,45
544,CMA,RMR,Woodstock [CA] (Ont.),Woodstock [AR] (Ont.),Woodstock,Woodstock,CA,AR,Census agglomeration,Agglomération de recensement,0,4.8,17150,7.8,12.8,10.6,1770,15,50,1490,210,21.7,25.6,23,1885,1695,355,12.4,44.3,5,5.2,6.2,775,235,55,2.8,3.4,2.2,320,55,0
546,CMA,RMR,Tillsonburg [CA] (Ont.),Tillsonburg [AR] (Ont.),Tillsonburg,Tillsonburg,CA,AR,Census agglomeration,Agglomération de recensement,0,5.2,7130,9.4,11.1,11.7,815,10,10,705,95,21.1,21.2,22.7,675,805,140,12.7,45.6,5.3,3.8,5.3,275,75,25,3.6,4.3,2.3,125,35,10
547,CMA,RMR,Norfolk [CA] (Ont.),Norfolk [AR] (Ont.),Norfolk,Norfolk,CA,AR,Census agglomeration,Agglomération de recensement,0,5.7,26005,9.4,7.5,8.7,2135,10,110,1770,250,21.7,20.8,20.3,2650,2010,445,14.7,42,6.7,6.3,6.5,1295,320,80,3.7,3.7,2.7,605,65,40
550,CMA,RMR,Guelph [CMA] (Ont.),Guelph [RMR] (Ont.),Guelph,Guelph,CMA,RMR,Census metropolitan area,Région métropolitaine de recensement,0,3.9,59280,11.4,10.4,11.1,6370,210,190,5225,740,23.6,25.1,23.5,6170,5930,1740,16.1,40.7,5.3,5.1,5,2125,690,150,4.7,5.6,3.8,1645,510,75
553,CMA,RMR,Stratford [CA] (Ont.),Stratford [AR] (Ont.),Stratford,Stratford,CA,AR,Census agglomeration,Agglomération de recensement,0,2.6,13845,10.1,8.9,10.4,1410,10,55,1170,175,22,21.2,22.7,1480,1345,310,13.9,40.4,6.9,6.6,6,630,190,10,3.5,3.3,2.6,305,50,0
555,CMA,RMR,London [CMA] (Ont.),London [RMR] (Ont.),London,London,CMA,RMR,Census metropolitan area,Région métropolitaine de recensement,0,4.3,206450,12.8,12.9,13.9,27395,950,890,21555,3995,24.9,26.4,25.6,19670,25385,7345,14.2,45.7,6.2,6,5.9,8030,3440,645,4.8,4.8,4,4925,2710,600
556,CMA,RMR,Chatham-Kent [CA] (Ont.),Chatham-Kent [AR] (Ont.),Chatham-Kent,Chatham-Kent,CA,AR,Census agglomeration,Agglomération de recensement,0,4.9,43175,12.8,11.5,11,4500,60,150,3700,590,21.5,23,21,3735,4270,725,12.8,41.7,7.6,7.1,7.7,2435,665,225,3.7,3.9,2.8,985,185,45
557,CMA,RMR,Leamington [CA] (Ont.),Leamington [AR] (Ont.),Leamington,Leamington,CA,AR,Census agglomeration,Agglomération de recensement,100,5,17970,9.9,9.6,9.7,1685,45,55,1355,225,19.9,22.3,18.4,1380,1580,265,11.7,38.9,5.3,6.6,5.4,700,235,35,5.5,6.1,4.5,675,120,15
559,CMA,RMR,Windsor [CMA] (Ont.),Windsor [RMR] (Ont.),Windsor,Windsor,CMA,RMR,Census metropolitan area,Région métropolitaine de recensement,0,5,132915,12.7,11.3,11.7,14985,550,540,11740,2155,23.9,23.9,21.9,10965,13850,4175,12.8,44.7,5.9,6.5,6.7,6370,2100,370,5.6,5.1,4.2,4000,1305,280
562,CMA,RMR,Sarnia [CA] (Ont.),Sarnia [AR] (Ont.),Sarnia,Sarnia,CA,AR,Census agglomeration,Agglomération de recensement,0,4,41985,11.1,11.5,12.9,5205,50,185,4195,775,19,21.8,20.4,2665,4940,780,10.3,46.4,8.6,7,7,1875,840,215,3,3,2.1,560,240,105
565,CMA,RMR,Wasaga Beach [CA] (Ont.),Wasaga Beach [AR] (Ont.),Wasaga Beach,Wasaga Beach,CA,AR,Census agglomeration,Agglomération de recensement,0,5.3,9005,9.7,10.9,13.3,1160,30,40,975,125,24.2,25.1,22.8,700,1095,255,18.5,50.8,4.3,3.8,3.7,185,125,20,4.1,2.2,2.3,145,65,0
566,CMA,RMR,Owen Sound [CA] (Ont.),Owen Sound [AR] (Ont.),Owen Sound,Owen Sound,CA,AR,Census agglomeration,Agglomération de recensement,0,5,13885,13.8,10.8,13.9,1855,30,50,1510,260,25.6,24.3,25.6,1415,1775,310,14.5,48.5,7.4,8.1,7.3,710,275,35,3,2.7,2.2,210,70,25
567,CMA,RMR,Collingwood [CA] (Ont.),Collingwood [AR] (Ont.),Collingwood,Collingwood,CA,AR,Census agglomeration,Agglomération de recensement,0,4.4,9555,15.7,16.5,17.4,1595,20,50,1365,160,32.4,31.1,31.8,1170,1520,345,23.7,54.6,8.4,5.2,5.9,330,185,45,3,3.1,2.6,180,60,0
568,CMA,RMR,Barrie [CMA] (Ont.),Barrie [RMR] (Ont.),Barrie,Barrie,CMA,RMR,Census metropolitan area,Région métropolitaine de recensement,0,4.1,72535,13.5,14,14.4,10100,295,290,8300,1215,27.1,28.8,27.4,8055,9495,2220,20.3,49.8,4.6,4.5,4.8,2320,1020,185,4.1,3.9,3.3,1480,860,80
569,CMA,RMR,Orillia [CA] (Ont.),Orillia [AR] (Ont.),Orillia,Orillia,CA,AR,Census agglomeration,Agglomération de recensement,0,3.9,13475,19,19.9,20.6,2700,80,85,2115,420,30.9,33.7,31.3,1350,2510,355,18.9,51.8,9.1,8.6,7.5,585,375,40,5.1,4.8,4,275,255,10
571,CMA,RMR,Midland [CA] (Ont.),Midland [AR] (Ont.),Midland,Midland,CA,AR,Census agglomeration,Agglomération de recensement,0,4.6,15180,15,14,15.2,2245,40,75,1810,310,26.8,27.1,27.5,1710,2115,330,18.7,51.3,8.5,7.8,7.4,745,325,65,4.1,3.5,2.8,290,140,0
575,CMA,RMR,North Bay [CA] (Ont.),North Bay [AR] (Ont.),North Bay,North Bay,CA,AR,Census agglomeration,Agglomération de recensement,0,5.8,30125,14.3,12.3,15.3,4490,80,135,3650,620,26.2,26.2,26.2,2890,4260,700,15.9,47.8,8.8,8.9,7.9,1620,660,105,3.4,2.7,2.3,465,215,15
580,CMA,RMR,Greater Sudbury [CMA] (Ont.),Grand Sudbury [RMR] (Ont.),Sudbury,Grand Sudbury,CMA,RMR,Census metropolitan area,Région métropolitaine de recensement,0,5.5,70445,10,9.9,12.5,8530,160,525,6700,1145,20.6,22.5,21.5,5655,7830,1565,11.5,40.8,7.9,7.8,7.6,3545,1530,260,3.1,3.5,2.3,1185,400,75
582,CMA,RMR,Elliot Lake [CA] (Ont.),Elliot Lake [AR] (Ont.),Elliot Lake,Elliot Lake,CA,AR,Census agglomeration,Agglomération de recensement,0,4.2,5510,16.8,9.1,13.4,730,10,20,615,90,22.5,24.2,26.3,675,700,80,14.1,46.6,8.1,10.5,7.4,310,100,0,2.6,3.5,1.5,65,15,0
586,CMA,RMR,Timmins [CA] (Ont.),Timmins [AR] (Ont.),Timmins,Timmins,CA,AR,Census agglomeration,Agglomération de recensement,0,5.8,17740,13,8.3,12.3,2135,65,115,1610,340,19.9,19.1,21.9,1565,1940,365,12.6,41.7,7.9,10.5,8.5,1050,410,50,3.6,4.2,2.7,320,155,10
590,CMA,RMR,Sault Ste. Marie [CA] (Ont.),Sault Ste. Marie [AR] (Ont.),Sault Ste. Marie,Sault Ste. Marie,CA,AR,Census agglomeration,Agglomération de recensement,20000,5.9,34530,10.1,9.6,10.4,3465,55,115,2735,555,19.7,19.4,20.8,3205,3270,615,10.2,45.3,7.2,9,7.1,1650,610,170,3,3.7,2.1,545,165,35
595,CMA,RMR,Thunder Bay [CMA] (Ont.),Thunder Bay [RMR] (Ont.),Thunder Bay,Thunder Bay,CMA,RMR,Census metropolitan area,Région métropolitaine de recensement,0,5,52545,10.9,10.5,12.2,6195,260,360,4645,925,20.9,19.1,19.3,3440,5515,1105,10.2,42.6,7.4,8.8,7.3,2510,1085,220,3.6,3.7,2.8,880,530,90
598,CMA,RMR,Kenora [CA] (Ont.),Kenora [AR] (Ont.),Kenora,Kenora,CA,AR,Census agglomeration,Agglomération de recensement,1,8.9,6475,8.9,10.9,11.6,740,25,35,555,125,19.3,20.8,19.6,520,675,70,12.1,41.6,9.3,11.7,10,505,130,15,3.6,4.1,3.7,180,60,0
602,CMA,RMR,Winnipeg [CMA] (Man.),Winnipeg [RMR] (Man.),Winnipeg,Winnipeg,CMA,RMR,Census metropolitan area,Région métropolitaine de recensement,0,4,306550,10.4,10.3,12.1,35760,2565,1855,24585,6760,19.5,21.3,21,23695,30930,9440,12,39.5,8.4,9.2,7.6,16895,5580,965,6.8,7.4,7,13905,6375,1230
603,CMA,RMR,Winkler [CA] (Man.),Winkler [AR] (Man.),Winkler,Winkler,CA,AR,Census agglomeration,Agglomération de recensement,0,5.5,10265,9.6,7.9,6.7,670,35,35,495,100,20.7,22.7,17.5,1025,600,145,12.2,36.4,5.7,6.3,4,300,90,25,6.2,5.7,4.1,305,90,30
605,CMA,RMR,Steinbach [CA] (Man.),Steinbach [AR] (Man.),Steinbach,Steinbach,CA,AR,Census agglomeration,Agglomération de recensement,0,4.5,6025,5,5.2,11.7,690,30,20,550,90,20.6,22.2,22.7,640,630,100,13.6,39.5,4.1,5,3.8,165,60,0,5.4,4.6,4.2,150,95,10
607,CMA,RMR,Portage la Prairie [CA] (Man.),Portage la Prairie [AR] (Man.),Portage la Prairie,Portage la Prairie,CA,AR,Census agglomeration,Agglomération de recensement,0,6.4,5575,9.1,7.1,8.9,485,50,35,305,95,19,20.5,17.1,455,395,105,7,35.9,8.2,6.9,9.6,430,105,0,4,4.5,5.1,185,95,10
610,CMA,RMR,Brandon [CA] (Man.),Brandon [AR] (Man.),Brandon,Brandon,CA,AR,Census agglomeration,Agglomération de recensement,0,4.7,23645,8.4,7.1,7.7,1755,65,80,1320,290,19,18.7,18.4,2235,1595,460,10,33,7.6,7.4,6.2,1135,245,75,3.9,4.6,4.4,820,215,15
640,CMA,RMR,Thompson [CA] (Man.),Thompson [AR] (Man.),Thompson,Thompson,CA,AR,Census agglomeration,Agglomération de recensement,111,10.4,4910,9.8,9.9,9.1,440,30,15,240,160,14.8,19.3,13.4,205,385,70,4.3,24.4,10.2,13.8,10.7,430,95,0,11.4,10.2,10.8,375,140,15
705,CMA,RMR,Regina [CMA] (Sask.),Regina [RMR] (Sask.),Regina,Regina,CMA,RMR,Census metropolitan area,Région métropolitaine de recensement,0,5.5,94955,9.6,12,13.3,12255,740,445,9045,2025,19.8,22.1,22.2,7370,10970,2575,11.9,45.9,7.8,9.1,7.1,5055,1475,240,4.3,4.9,5,2560,1940,230
710,CMA,RMR,Yorkton [CA] (Sask.),Yorkton [AR] (Sask.),Yorkton,Yorkton,CA,AR,Census agglomeration,Agglomération de recensement,0,4.8,7975,8.5,13.5,13.4,1020,30,45,845,95,20.8,23.7,19.2,360,945,190,10.3,44.1,9.7,7.5,7.2,400,125,40,4.2,4,2.7,150,55,10
715,CMA,RMR,Moose Jaw [CA] (Sask.),Moose Jaw [AR] (Sask.),Moose Jaw,Moose Jaw,CA,AR,Census agglomeration,Agglomération de recensement,0,5.4,15010,8.7,13,11.5,1685,25,70,1445,145,20.7,23.8,20.5,1140,1580,335,10.5,42.6,10.2,10.1,8.2,995,195,40,3.1,3.4,2.5,310,60,10
720,CMA,RMR,Swift Current [CA] (Sask.),Swift Current [AR] (Sask.),Swift Current,Swift Current,CA,AR,Census agglomeration,Agglomération de recensement,0,4.4,7855,6.9,5.8,8.6,650,10,35,555,55,19.2,17.8,15.6,475,610,115,8.1,35.4,9.1,7.7,7.1,450,75,30,2,3,2,135,15,10
725,CMA,RMR,Saskatoon [CMA] (Sask.),Saskatoon [RMR] (Sask.),Saskatoon,Saskatoon,CMA,RMR,Census metropolitan area,Région métropolitaine de recensement,0,4.9,115280,9.3,12.4,11.8,13135,450,295,10485,1905,24.2,24.6,23.4,11095,12345,3345,14.3,44.7,6,6.1,4.7,4000,1155,265,4.2,5.3,4.6,3425,1590,315
735,CMA,RMR,North Battleford [CA] (Sask.),North Battleford [AR] (Sask.),North Battleford,North Battleford,CA,AR,Census agglomeration,Agglomération de recensement,0,7.4,7930,10.8,10.3,13,1000,20,20,765,195,21.1,20.6,22.4,660,950,155,11.9,45.2,10.6,8.5,6.4,355,125,25,4.9,3.6,4.7,225,130,15
745,CMA,RMR,Prince Albert [CA] (Sask.),Prince Albert [AR] (Sask.),Prince Albert,Prince Albert,CA,AR,Census agglomeration,Agglomération de recensement,101,7.4,16600,10.9,14.3,14.3,2255,90,35,1720,410,23.9,23.7,22.8,1220,2120,340,10.7,45.3,9.2,9.9,7.1,870,225,85,6.3,6.6,6.3,640,360,50
750,CMA,RMR,Estevan [CA] (Sask.),Estevan [AR] (Sask.),Estevan,Estevan,CA,AR,Census agglomeration,Agglomération de recensement,0,3.9,5510,6.7,5.4,5.9,315,10,10,260,40,15.6,15.7,15,410,305,90,8.9,31.5,6.6,10.2,5.8,280,40,10,2.7,4.1,3,135,25,10
755,CMA,RMR,Weyburn [CA] (Sask.),Weyburn [AR] (Sask.),Weyburn,Weyburn,CA,AR,Census agglomeration,Agglomération de recensement,0,6.1,4590,4.8,7.3,8.9,400,0,15,350,35,15.7,16,17.9,365,375,75,9.5,38.4,6.8,7.6,6.8,260,45,10,2.2,2.9,2.5,105,10,0
805,CMA,RMR,Medicine Hat [CA] (Alta.),Medicine Hat [AR] (Alb.),Medicine Hat,Medicine Hat,CA,AR,Census agglomeration,Agglomération de recensement,0,4.3,31500,5.5,7,9.2,2800,45,65,2370,325,17.2,21.9,19.4,2715,2675,615,12.6,37.8,6.1,6,5.7,1330,360,115,2.9,2.6,2,510,100,20
806,CMA,RMR,Brooks [CA] (Alta.),Brooks [AR] (Alb.),Brooks,Brooks,CA,AR,Census agglomeration,Agglomération de recensement,1,6.2,8510,9.6,9.1,10,790,70,20,600,105,20,20.5,16.9,540,700,110,13.5,25.3,7.9,8.5,5.9,390,90,30,6.6,4.7,5.7,360,110,15
810,CMA,RMR,Lethbridge [CMA] (Alta.),Lethbridge [RMR] (Alb.),Lethbridge,Lethbridge,CMA,RMR,Census metropolitan area,Région métropolitaine de recensement,0,6,45695,9.7,10.2,9.9,4345,110,155,3470,610,22,24.5,20.7,4320,4065,890,12.9,39.3,7.1,7.4,5.7,1905,565,125,3.5,3.6,3.2,1105,335,35
820,CMA,RMR,Okotoks [CA] (Alta.),Okotoks [AR] (Alb.),Okotoks,Okotoks,CA,AR,Census agglomeration,Agglomération de recensement,0,2.9,9665,8.4,3.7,3,285,0,0,255,30,24.8,21.7,19.6,1410,285,190,14.7,45.1,3,3,2,160,0,20,2.3,2.3,2.9,255,25,10
821,CMA,RMR,High River [CA] (Alta.),High River [AR] (Alb.),High River,High River,CA,AR,Census agglomeration,Agglomération de recensement,1,6,5370,11,7.5,11.2,585,0,10,525,45,23.3,25.3,22.6,520,570,120,16.8,43.4,6.6,4.1,4.1,175,40,0,3.2,3.1,3.4,155,25,0
825,CMA,RMR,Calgary [CMA] (Alta.),Calgary [RMR] (Alb.),Calgary,Calgary,CMA,RMR,Census metropolitan area,Région métropolitaine de recensement,0,4.9,519690,9,10.1,11.3,56675,1830,1585,46530,6735,23.7,25,21.9,44260,53070,15440,16.4,36.6,4.8,5.2,4.2,15460,5070,1135,5,5.1,4.6,17245,5485,920
826,CMA,RMR,Strathmore [CA] (Alta.),Strathmore [AR] (Alb.),Strathmore,Strathmore,CA,AR,Census agglomeration,Agglomération de recensement,0,4.2,5145,8.1,7.4,7.7,390,10,0,370,10,20.7,26.4,20.2,555,380,100,15.4,37.4,4.4,3.5,4.3,195,10,15,4.1,4,2.2,95,10,0
828,CMA,RMR,Canmore [CA] (Alta.),Canmore [AR] (Alb.),Canmore,Canmore,CA,AR,Census agglomeration,Agglomération de recensement,101,6.6,5740,8.8,6.7,7,390,0,10,355,20,29,26,21.9,745,380,125,16.6,33.1,3.8,4.4,3.9,200,25,0,3.9,3.1,3,160,10,0
830,CMA,RMR,Red Deer [CA] (Alta.),Red Deer [AR] (Alb.),Red Deer,Red Deer,CA,AR,Census agglomeration,Agglomération de recensement,0,5.8,39980,9,10.5,12.1,4680,125,135,3900,520,21.3,26.5,22,3320,4410,1025,13.7,38.1,5.5,5.9,4.5,1245,485,55,5.2,3.6,3.5,1060,320,35
831,CMA,RMR,Sylvan Lake [CA] (Alta.),Sylvan Lake [AR] (Alb.),Sylvan Lake,Sylvan Lake,CA,AR,Census agglomeration,Agglomération de recensement,1,7.3,5815,6.1,3.8,9.5,535,0,10,460,65,19.3,24,21.4,550,525,170,15.3,37.6,3.6,5.2,4,160,70,0,5.1,3.5,2.1,105,20,0
832,CMA,RMR,Lacombe [CA] (Alta.),Lacombe [AR] (Alb.),Lacombe,Lacombe,CA,AR,Census agglomeration,Agglomération de recensement,0,5,4795,9.4,10.8,7.1,335,0,10,290,40,18.4,21.9,18.3,490,325,65,13.6,34.5,5.9,4.6,4.9,195,30,10,3.2,2.9,3.1,130,20,0
833,CMA,RMR,Camrose [CA] (Alta.),Camrose [AR] (Alb.),Camrose,Camrose,CA,AR,Census agglomeration,Agglomération de recensement,0,4.4,8055,7.4,12.3,10.5,820,15,15,700,90,23,26.6,22.9,855,790,190,12.4,43.3,7.1,5.3,5.6,370,80,10,3.9,3.7,2.2,125,45,0
835,CMA,RMR,Edmonton [CMA] (Alta.),Edmonton [RMR] (Alb.),Edmonton,Edmonton,CMA,RMR,Census metropolitan area,Région métropolitaine de recensement,0,5.7,502140,10.6,11.3,12.3,59250,2885,1980,45605,8785,22.1,24.6,21.9,40730,54055,13990,15.1,37.7,5.8,6.5,5.4,18840,6560,1750,5.6,5.8,5.4,17625,7840,1450
840,CMA,RMR,Lloydminster [CA] (Alta. / Sask.),Lloydminster [AR] (Alb. / Sask.),Lloydminster,Lloydminster,CA,AR,Census agglomeration,Agglomération de recensement,1,6.7,12995,6.4,8.7,10.4,1305,100,40,990,175,16.6,20.1,20,1090,1160,320,14.5,33.2,7.7,6.3,5.4,535,125,40,4.4,3.2,4.1,305,205,20
845,CMA,RMR,Cold Lake [CA] (Alta.),Cold Lake [AR] (Alb.),Cold Lake,Cold Lake,CA,AR,Census agglomeration,Agglomération de recensement,101,9.4,5595,4.7,8.6,5.6,310,20,15,235,40,12.8,14.6,14.1,445,275,65,11.3,20.2,6.7,6.8,7.1,350,45,0,4.1,3.1,1.9,70,35,0
850,CMA,RMR,Grande Prairie [CA] (Alta.),Grande Prairie [AR] (Alb.),Grande Prairie,Grande Prairie,CA,AR,Census agglomeration,Agglomération de recensement,1,6.7,23675,9.1,8.5,10.8,2475,75,105,2060,230,21,22.7,19.6,1785,2285,555,14,30.3,4.8,5.4,4.6,820,230,45,5.4,3.9,3.4,610,190,10
860,CMA,RMR,Wood Buffalo [CA] (Alta.),Wood Buffalo [AR] (Alb.),Wood Buffalo,Wood Buffalo,CA,AR,Census agglomeration,Agglomération de recensement,1122,20.7,26225,9.8,9.3,6.5,1630,160,60,1190,220,17.9,18.5,12.3,1190,1385,550,9.4,18.5,7.1,5.9,5.1,985,160,205,6.7,6.8,6.1,1185,315,110
865,CMA,RMR,Wetaskiwin [CA] (Alta.),Wetaskiwin [AR] (Alb.),Wetaskiwin,Wetaskiwin,CA,AR,Census agglomeration,Agglomération de recensement,0,4.6,5120,11.7,16.3,17.8,890,40,30,690,125,23.2,30.2,25.2,365,820,95,16.6,40.1,8.6,7.2,7.4,255,110,10,4.5,4.4,4,110,90,0
905,CMA,RMR,Cranbrook [CA] (B.C.),Cranbrook [AR] (C.-B.),Cranbrook,Cranbrook,CA,AR,Census agglomeration,Agglomération de recensement,0,5.9,10980,8.8,10,9.2,975,15,50,785,120,21.4,23,18.6,915,900,215,11.9,41.2,8.1,8.4,6,455,160,40,4.8,2.6,2.4,205,35,15
907,CMA,RMR,Nelson [CA] (B.C.),Nelson [AR] (C.-B.),Nelson,Nelson,CA,AR,Census agglomeration,Agglomération de recensement,1,8.2,8265,18,13.5,14,1110,10,45,880,180,27.1,28,27.2,910,1055,270,19.2,46,10.8,11,9,495,200,45,3.9,4.4,2.4,135,45,10
913,CMA,RMR,Penticton [CA] (B.C.),Penticton [AR] (C.-B.),Penticton,Penticton,CA,AR,Census agglomeration,Agglomération de recensement,0,6.2,19880,11.3,15.4,14.9,2740,60,85,2285,310,27.4,30.4,26.5,1950,2585,465,15.5,48.9,6.2,7.9,6.2,765,310,155,3.8,3.2,2.7,315,190,35
915,CMA,RMR,Kelowna [CMA] (B.C.),Kelowna [RMR] (C.-B.),Kelowna,Kelowna,CMA,RMR,Census metropolitan area,Région métropolitaine de recensement,0,6,81380,11.1,12.2,10.2,7435,105,145,6265,920,28,31,26.2,10060,7170,2570,18.8,45.9,4.5,4.6,4.5,2440,715,495,3.7,3.5,2.8,1615,510,170
918,CMA,RMR,Vernon [CA] (B.C.),Vernon [AR] (C.-B.),Vernon,Vernon,CA,AR,Census agglomeration,Agglomération de recensement,0,6.3,26180,11.9,11.9,11,2600,35,45,2190,330,26.3,28.3,24.3,2735,2510,640,15.9,47.8,6.4,6.6,5.6,950,320,190,3.9,2.9,2.3,445,105,50
920,CMA,RMR,Salmon Arm [CA] (B.C.),Salmon Arm [AR] (C.-B.),Salmon Arm,Salmon Arm,CA,AR,Census agglomeration,Agglomération de recensement,0,5.5,7535,11,13,9.9,710,10,30,575,95,21.6,26.1,21.5,760,670,145,13.6,48.1,8.6,7,6.3,310,110,55,3.9,3.1,2,115,35,0
925,CMA,RMR,Kamloops [CA] (B.C.),Kamloops [AR] (C.-B.),Kamloops,Kamloops,CA,AR,Census agglomeration,Agglomération de recensement,0,6.3,42855,10.9,12,11.9,4730,100,170,3820,630,23.8,24.9,22.4,3590,4450,1165,13.9,46,6.9,6.5,5.9,1705,630,210,4.1,3.3,2.7,720,335,105
930,CMA,RMR,Chilliwack [CA] (B.C.),Chilliwack [AR] (C.-B.),Chilliwack,Chilliwack,CA,AR,Census agglomeration,Agglomération de recensement,0,5.3,39700,11,11.9,11.3,4010,110,130,3110,660,26.6,29.4,24.6,4180,3765,1030,17,45.9,6.6,6.4,5.8,1370,540,390,5,4.5,3.3,730,405,185
932,CMA,RMR,Abbotsford - Mission [CMA] (B.C.),Abbotsford - Mission [RMR] (C.-B.),Abbotsford - Mission,Abbotsford - Mission,CMA,RMR,Census metropolitan area,Région métropolitaine de recensement,0,5.3,62630,12.9,13.9,12.7,7545,460,200,5790,1095,29.8,29.1,25.5,6735,6835,2070,20,39.1,5.3,5.4,4.8,1935,880,195,6.9,7.2,5.7,2375,990,190
933,CMA,RMR,Vancouver [CMA] (B.C.),Vancouver [RMR] (C.-B.),Vancouver,Vancouver,CMA,RMR,Census metropolitan area,Région métropolitaine de recensement,1,5.7,960895,17,17.7,17.6,156810,8950,4780,118910,24170,32,33.5,32,98760,142230,63960,25.4,43.5,6.8,6.6,5.7,34495,16430,3745,10.1,9.3,7.3,41745,23450,5165
934,CMA,RMR,Squamish [CA] (B.C.),Squamish [AR] (C.-B.),Squamish,Squamish,CA,AR,Census agglomeration,Agglomération de recensement,101,7.2,7380,6.9,11.3,7.2,495,30,10,360,105,26.3,36.4,25.8,1060,455,360,21.8,36.5,6,7.8,7.1,390,85,50,5.9,4.9,4.4,250,60,15
935,CMA,RMR,Victoria [CMA] (B.C.),Victoria [RMR] (C.-B.),Victoria,Victoria,CMA,RMR,Census metropolitan area,Région métropolitaine de recensement,20000,4.9,162740,12.4,14.7,14.2,21750,720,530,18070,2430,28.2,31.1,28.5,18350,20425,6795,19,44.3,5.9,6,5.4,5820,2130,770,4.8,4.9,3.5,3495,1740,540
937,CMA,RMR,Duncan [CA] (B.C.),Duncan [AR] (C.-B.),Duncan,Duncan,CA,AR,Census agglomeration,Agglomération de recensement,0,6.1,18750,11.7,12.2,11.2,1935,25,50,1505,365,24.8,28.7,24.7,2055,1835,510,16.7,46.3,8.2,7.5,7,760,325,230,4.8,4.6,3.4,325,155,160
938,CMA,RMR,Nanaimo [CA] (B.C.),Nanaimo [AR] (C.-B.),Nanaimo,Nanaimo,CA,AR,Census agglomeration,Agglomération de recensement,0,4.7,44965,12.3,14,13.1,5635,105,185,4490,850,28.1,31.5,26,4820,5310,1440,16.7,47.4,7.3,6.6,6.3,1760,805,250,3.8,3.7,3,855,400,80
939,CMA,RMR,Parksville [CA] (B.C.),Parksville [AR] (C.-B.),Parksville,Parksville,CA,AR,Census agglomeration,Agglomération de recensement,0,3.5,13750,8.7,7.8,9,1205,25,40,1030,110,21.7,22.3,20,1245,1135,360,13,51.7,4.7,4.2,3.6,360,135,0,2.4,2,1.7,180,55,0
940,CMA,RMR,Port Alberni [CA] (B.C.),Port Alberni [AR] (C.-B.),Port Alberni,Port Alberni,CA,AR,Census agglomeration,Agglomération de recensement,1,7.2,11360,9.7,12.8,14.3,1540,30,90,1175,245,18.6,26.1,23.2,835,1420,315,13.1,50.4,11.1,12,9,625,290,105,4,3.9,3,225,90,25
943,CMA,RMR,Courtenay [CA] (B.C.),Courtenay [AR] (C.-B.),Courtenay,Courtenay,CA,AR,Census agglomeration,Agglomération de recensement,0,4.3,24435,10.5,12.6,11.3,2650,40,115,2200,295,23.6,23.9,22.8,2410,2480,615,15.1,46.1,6.6,5.6,5.3,870,350,80,3.2,2.8,2,340,125,15
944,CMA,RMR,Campbell River [CA] (B.C.),Campbell River [AR] (C.-B.),Campbell River,Campbell River,CA,AR,Census agglomeration,Agglomération de recensement,0,4.4,16390,10,12.4,11.1,1745,25,95,1380,245,22,25.5,21.7,1485,1625,375,13.9,42.5,8.6,8.2,6.9,735,270,120,4.5,2.7,2.2,215,120,35
945,CMA,RMR,Powell River [CA] (B.C.),Powell River [AR] (C.-B.),Powell River,Powell River,CA,AR,Census agglomeration,Agglomération de recensement,0,4.4,7735,9.5,10.6,12.8,960,0,55,750,155,19.8,22.1,21.2,550,905,170,14.2,43.6,10,9.9,8.9,465,200,20,2.5,2.5,2.1,125,35,0
950,CMA,RMR,Williams Lake [CA] (B.C.),Williams Lake [AR] (C.-B.),Williams Lake,Williams Lake,CA,AR,Census agglomeration,Agglomération de recensement,100,5.8,7620,8.1,8.4,6.8,485,10,20,385,60,17.3,19.4,15.1,495,455,155,8.1,32.7,9.8,9.6,7.2,415,60,75,6.4,4.1,3.3,175,40,30
952,CMA,RMR,Quesnel [CA] (B.C.),Quesnel [AR] (C.-B.),Quesnel,Quesnel,CA,AR,Census agglomeration,Agglomération de recensement,1,9,10035,7,10.1,9.1,870,25,85,600,155,17.2,19.5,14.6,540,745,140,7.6,37.1,9.8,10.6,10.2,730,205,90,4.1,3.3,3,195,80,25
955,CMA,RMR,Prince Rupert [CA] (B.C.),Prince Rupert [AR] (C.-B.),Prince Rupert,Prince Rupert,CA,AR,Census agglomeration,Agglomération de recensement,101,5.7,5100,13.9,14.9,12.1,605,20,40,435,115,22.8,24.4,19.8,380,545,85,12.3,31.2,11.2,14.6,14.3,580,130,20,7.8,5.6,5.8,230,65,0
965,CMA,RMR,Terrace [CA] (B.C.),Terrace [AR] (C.-B.),Terrace,Terrace,CA,AR,Census agglomeration,Agglomération de recensement,0,4.1,6365,11.8,13,11.5,720,20,90,470,135,21,20.7,16.9,390,595,80,9.2,35.2,14.1,11.2,10,420,195,10,4.4,3.4,4.2,190,70,0
970,CMA,RMR,Prince George [CA] (B.C.),Prince George [AR] (C.-B.),Prince George,Prince George,CA,AR,Census agglomeration,Agglomération de recensement,0,5.4,35095,8.8,11.4,9.4,3200,60,185,2440,515,19.3,22.2,18.4,2700,2940,760,10.4,39.1,8.1,8.3,7.6,1960,560,140,3.8,3.1,2.7,655,240,40
975,CMA,RMR,Dawson Creek [CA] (B.C.),Dawson Creek [AR] (C.-B.),Dawson Creek,Dawson Creek,CA,AR,Census agglomeration,Agglomération de recensement,101,8.3,5035,13,12.6,15.2,745,25,50,585,80,23.9,24.7,22.5,340,660,130,12,38.4,10.5,10,9.3,350,105,10,4.3,6.8,5.5,210,60,0
977,CMA,RMR,Fort St. John [CA] (B.C.),Fort St. John [AR] (C.-B.),Fort St. John,Fort St. John,CA,AR,Census agglomeration,Agglomération de recensement,1,7.2,10965,8.4,9.8,8.2,875,20,30,715,110,18.8,23.6,16.3,740,815,205,10.6,27.9,7.1,9.3,6.7,620,105,15,4.7,5.1,3.7,320,70,15
990,CMA,RMR,Whitehorse [CA] (Y.T.),Whitehorse [AR] (Yn),Whitehorse,Whitehorse,CA,AR,Census agglomeration,Agglomération de recensement,101,5.5,11625,14.9,9.9,12.7,1435,40,140,1080,175,18.3,21.1,19.4,750,1250,245,12.6,33.2,12.2,11.9,9.1,730,245,75,5.6,6.9,4.4,375,120,0
995,CMA,RMR,Yellowknife [CA] (N.W.T.),Yellowknife [AR] (T.N.-O.),Yellowknife,Yellowknife,CA,AR,Census agglomeration,Agglomération de recensement,101,8.9,7130,9.5,10.1,10.7,750,80,45,475,155,15.6,16.4,14.7,335,605,105,8.6,22.6,8.7,9.4,9,500,130,15,9.4,8,7.9,370,185,0
,,,,,,,,,,,,,,,,,,,,,,,,,,,,,,,,,,,,,,,,,
Notes:,,,,,,,,,,,,,,,,,,,,,,,,,,,,,,,,,,,,,,,,,
"1. Only private, non-farm, non-reserve and owner- or renter-households with incomes greater than zero and shelter-cost-to-income ratios less than 100% are assessed for 'core housing need.' Non-family households with at least one maintainer aged 15 to 29 attending school are considered not to be in 'Core housing need' regardless of their housing circumstances. Attending school is considered a transitional phase, and low incomes earned by student households are viewed as being a temporary condition.",,,,,,,,,,,,,,,,,,,,,,,,,,,,,,,,,,,,,,,,,
2. Reported for private households,,,,,,,,,,,,,,,,,,,,,,,,,,,,,,,,,,,,,,,,,
3. Reported for private dwellings occupied by usual residents,,,,,,,,,,,,,,,,,,,,,,,,,,,,,,,,,,,,,,,,,
4. Reported for owner and renter households with household total income greater than zero non-farm private dwellings,,,,,,,,,,,,,,,,,,,,,,,,,,,,,,,,,,,,,,,,,
Null (empty) cells represent data that are not applicable or not available for a specific reference period.,,,,,,,,,,,,,,,,,,,,,,,,,,,,,,,,,,,,,,,,,
,,,,,,,,,,,,,,,,,,,,,,,,,,,,,,,,,,,,,,,,,
Long-form data quality flag,,,,,,,,,,,,,,,,,,,,,,,,,,,,,,,,,,,,,,,,,
,,,,,,,,,,,,,,,,,,,,,,,,,,,,,,,,,,,,,,,,,
Digit Description,,,,,,,,,,,,,,,,,,,,,,,,,,,,,,,,,,,,,,,,,
First (0XXXX): Incomplete enumeration flag,,,,,,,,,,,,,,,,,,,,,,,,,,,,,,,,,,,,,,,,,
Second (X0XXX): Short-form data quality flag,,,,,,,,,,,,,,,,,,,,,,,,,,,,,,,,,,,,,,,,,
Third (XX0XX): Short-form income data quality flag,,,,,,,,,,,,,,,,,,,,,,,,,,,,,,,,,,,,,,,,,
Fourth (XXX0X): Long-form data quality flag,,,,,,,,,,,,,,,,,,,,,,,,,,,,,,,,,,,,,,,,,
Fifth (XXXX0): Long-form income data quality flag,,,,,,,,,,,,,,,,,,,,,,,,,,,,,,,,,,,,,,,,,
,,,,,,,,,,,,,,,,,,,,,,,,,,,,,,,,,,,,,,,,,
Flag description,,,,,,,,,,,,,,,,,,,,,,,,,,,,,,,,,,,,,,,,,
Incomplete enumeration flag,,,,,,,,,,,,,,,,,,,,,,,,,,,,,,,,,,,,,,,,,
0 = Default. Not applicable.,,,,,,,,,,,,,,,,,,,,,,,,,,,,,,,,,,,,,,,,,
1 = Incompletely enumerated Indian reserve or Indian settlement (suppressed).,,,,,,,,,,,,,,,,,,,,,,,,,,,,,,,,,,,,,,,,,
2 = Excludes census data for one or more incompletely enumerated Indian reserves or Indian settlements.,,,,,,,,,,,,,,,,,,,,,,,,,,,,,,,,,,,,,,,,,
,,,,,,,,,,,,,,,,,,,,,,,,,,,,,,,,,,,,,,,,,
Short-form data quality flag,,,,,,,,,,,,,,,,,,,,,,,,,,,,,,,,,,,,,,,,,
0 = Default. Data quality index showing a short-form global non-response rate lower than 10%.,,,,,,,,,,,,,,,,,,,,,,,,,,,,,,,,,,,,,,,,,
"1 = Data quality index showing a short-form global non-response rate higher than or equal to 10%, but lower than 20%.",,,,,,,,,,,,,,,,,,,,,,,,,,,,,,,,,,,,,,,,,
"2 = Data quality index showing a short-form global non-response rate higher than or equal to 20%, but lower than 30%.",,,,,,,,,,,,,,,,,,,,,,,,,,,,,,,,,,,,,,,,,
"3 = Data quality index showing a short-form global non-response rate higher than or equal to 30%, but lower than 40%.",,,,,,,,,,,,,,,,,,,,,,,,,,,,,,,,,,,,,,,,,
"4 = Data quality index showing a short-form global non-response rate higher than or equal to 40%, but lower than 50%.",,,,,,,,,,,,,,,,,,,,,,,,,,,,,,,,,,,,,,,,,
5 = Data quality index showing a short-form global non-response rate higher than or equal to 50% (suppressed).,,,,,,,,,,,,,,,,,,,,,,,,,,,,,,,,,,,,,,,,,
9 = Short-form data suppressed to meet the confidentiality requirements of the Statistics Act.,,,,,,,,,,,,,,,,,,,,,,,,,,,,,,,,,,,,,,,,,
,,,,,,,,,,,,,,,,,,,,,,,,,,,,,,,,,,,,,,,,,
Short-form income data quality flag,,,,,,,,,,,,,,,,,,,,,,,,,,,,,,,,,,,,,,,,,
0 = Default. Data quality index showing a short-form income non-response rate lower than 10%.,,,,,,,,,,,,,,,,,,,,,,,,,,,,,,,,,,,,,,,,,
"1 = Data quality index showing a short-form income non-response rate higher than or equal to 10%, but lower than 20%.",,,,,,,,,,,,,,,,,,,,,,,,,,,,,,,,,,,,,,,,,
"2 = Data quality index showing a short-form income non-response rate higher than or equal to 20%, but lower than 30%.",,,,,,,,,,,,,,,,,,,,,,,,,,,,,,,,,,,,,,,,,
3 = Data quality index showing a short-form income non-response rate higher than or equal to 30%.,,,,,,,,,,,,,,,,,,,,,,,,,,,,,,,,,,,,,,,,,
9 = Short-form income data suppressed to meet the confidentiality requirements of the Statistics Act.,,,,,,,,,,,,,,,,,,,,,,,,,,,,,,,,,,,,,,,,,
,,,,,,,,,,,,,,,,,,,,,,,,,,,,,,,,,,,,,,,,,
Long-form data quality flag,,,,,,,,,,,,,,,,,,,,,,,,,,,,,,,,,,,,,,,,,
0 = Default. Data quality index showing a long-form global non-response rate lower than 10%.,,,,,,,,,,,,,,,,,,,,,,,,,,,,,,,,,,,,,,,,,
"1 = Data quality index showing a long-form global non-response rate higher than or equal to 10%, but lower than 20%.",,,,,,,,,,,,,,,,,,,,,,,,,,,,,,,,,,,,,,,,,
"2 = Data quality index showing a long-form global non-response rate higher than or equal to 20%, but lower than 30%.",,,,,,,,,,,,,,,,,,,,,,,,,,,,,,,,,,,,,,,,,
"3 = Data quality index showing a long-form global non-response rate higher than or equal to 30%, but lower than 40%.",,,,,,,,,,,,,,,,,,,,,,,,,,,,,,,,,,,,,,,,,
"4 = Data quality index showing a long-form global non-response rate higher than or equal to 40%, but lower than 50%.",,,,,,,,,,,,,,,,,,,,,,,,,,,,,,,,,,,,,,,,,
5 = Data quality index showing a long-form global non-response rate higher than or equal to 50% (suppressed).,,,,,,,,,,,,,,,,,,,,,,,,,,,,,,,,,,,,,,,,,
9 = Long-form data suppressed to meet the confidentiality requirements of the Statistics Act.,,,,,,,,,,,,,,,,,,,,,,,,,,,,,,,,,,,,,,,,,
,,,,,,,,,,,,,,,,,,,,,,,,,,,,,,,,,,,,,,,,,
Long-form income data quality flag,,,,,,,,,,,,,,,,,,,,,,,,,,,,,,,,,,,,,,,,,
0 = Default. Data quality index showing a long-form income non-response rate lower than 10%.,,,,,,,,,,,,,,,,,,,,,,,,,,,,,,,,,,,,,,,,,
"1 = Data quality index showing a long-form income non-response rate higher than or equal to 10%, but lower than 20%.",,,,,,,,,,,,,,,,,,,,,,,,,,,,,,,,,,,,,,,,,
"2 = Data quality index showing a long-form income non-response rate higher than or equal to 20%, but lower than 30%.",,,,,,,,,,,,,,,,,,,,,,,,,,,,,,,,,,,,,,,,,
3 = Data quality index showing a long-form income non-response rate higher than or equal to 30%.,,,,,,,,,,,,,,,,,,,,,,,,,,,,,,,,,,,,,,,,,
9 = Long-form income data suppressed to meet the confidentiality requirements of the Statistics Act.,,,,,,,,,,,,,,,,,,,,,,,,,,,,,,,,,,,,,,,,,
,,,,,,,,,,,,,,,,,,,,,,,,,,,,,,,,,,,,,,,,,
"Source: Statistics Canada, 2016 Census of Population.",,,,,,,,,,,,,,,,,,,,,,,,,,,,,,,,,,,,,,,,,
,,,,,,,,,,,,,,,,,,,,,,,,,,,,,,,,,,,,,,,,,
How to cite: Statistics Canada. 2017. Core housing need. 2016 Census.,,,,,,,,,,,,,,,,,,,,,,,,,,,,,,,,,,,,,,,,,
Statistics Canada Catalogue no. 98-509-X2016001. Ottawa. Released November 15 2017.,,,,,,,,,,,,,,,,,,,,,,,,,,,,,,,,,,,,,,,,,
http://www12.statcan.gc.ca/census-recensement/2016/dp-pd/chn-biml/index-eng.cfm,,,,,,,,,,,,,,,,,,,,,,,,,,,,,,,,,,,,,,,,,
,,,,,,,,,,,,,,,,,,,,,,,,,,,,,,,,,,,,,,,,,
Notes :,,,,,,,,,,,,,,,,,,,,,,,,,,,,,,,,,,,,,,,,,
1. Seuls les ménages privés non agricoles hors réserve et propriétaires ou locataires qui ont un revenu positif et dont le rapport des frais de logement au revenu est inférieur à 100 % sont pris en considération dans l'évaluation des «  besoins impérieux en matière de logement ». Les ménages non familiaux dont au moins un des soutiens est âgé de 15 à 29 ans et est aux études ne sont pas considérés comme ayant des « besoins impérieux en matière de logement » peu importe leur situation de logement. Les études sont considérées comme une étape de transition et on estime que les faibles revenus gagnés par les ménages composés d'étudiants sont une situation temporaire.,,,,,,,,,,,,,,,,,,,,,,,,,,,,,,,,,,,,,,,,,
2. Population d'intérêt : ménages privés,,,,,,,,,,,,,,,,,,,,,,,,,,,,,,,,,,,,,,,,,
3. Population d'intérêt : logements privés occupés par des résidents habituels ,,,,,,,,,,,,,,,,,,,,,,,,,,,,,,,,,,,,,,,,,
"4. Population d'intérêt : ménages propriétaires et locataires ayant un revenu total du ménage supérieur à zéro, dans des logements privés non agricoles",,,,,,,,,,,,,,,,,,,,,,,,,,,,,,,,,,,,,,,,,
Les cellules nulles (vides) représentent des données nayant pas lieu de figurer ou indisponibles pour une période de référence précise.,,,,,,,,,,,,,,,,,,,,,,,,,,,,,,,,,,,,,,,,,
,,,,,,,,,,,,,,,,,,,,,,,,,,,,,,,,,,,,,,,,,
Indicateur relatif à la qualité des données,,,,,,,,,,,,,,,,,,,,,,,,,,,,,,,,,,,,,,,,,
,,,,,,,,,,,,,,,,,,,,,,,,,,,,,,,,,,,,,,,,,
Description des caractères numériques,,,,,,,,,,,,,,,,,,,,,,,,,,,,,,,,,,,,,,,,,
Premier (0XXXX) : Indicateur de dénombrement partiel,,,,,,,,,,,,,,,,,,,,,,,,,,,,,,,,,,,,,,,,,
Deuxième (X0XXX) : Indicateur relatif à la qualité des données pour le questionnaire abrégé,,,,,,,,,,,,,,,,,,,,,,,,,,,,,,,,,,,,,,,,,
Troisième (XX0XX) : Indicateur relatif à la qualité des données sur le revenu pour le questionnaire abrégé,,,,,,,,,,,,,,,,,,,,,,,,,,,,,,,,,,,,,,,,,
Quatrième (XXX0X) : Indicateur relatif à la qualité des données pour le questionnaire détaillé,,,,,,,,,,,,,,,,,,,,,,,,,,,,,,,,,,,,,,,,,
Cinquième (XXXX0) : Indicateur relatif à la qualité des données sur le revenu pour le questionnaire détaillé,,,,,,,,,,,,,,,,,,,,,,,,,,,,,,,,,,,,,,,,,
,,,,,,,,,,,,,,,,,,,,,,,,,,,,,,,,,,,,,,,,,
Description des indicateurs,,,,,,,,,,,,,,,,,,,,,,,,,,,,,,,,,,,,,,,,,
Indicateur de dénombrement partiel,,,,,,,,,,,,,,,,,,,,,,,,,,,,,,,,,,,,,,,,,
0 = Valeur implicite. Sans objet.,,,,,,,,,,,,,,,,,,,,,,,,,,,,,,,,,,,,,,,,,
1 = Réserve indienne ou établissement indien partiellement dénombré (supprimé).,,,,,,,,,,,,,,,,,,,,,,,,,,,,,,,,,,,,,,,,,
2 = Ne comprend pas les données du recensement pour une ou plusieurs réserves indiennes ou établissements indiens partiellement dénombrés.,,,,,,,,,,,,,,,,,,,,,,,,,,,,,,,,,,,,,,,,,
,,,,,,,,,,,,,,,,,,,,,,,,,,,,,,,,,,,,,,,,,
Indicateur relatif à la qualité des données pour le questionnaire abrégé,,,,,,,,,,,,,,,,,,,,,,,,,,,,,,,,,,,,,,,,,
"0 = Valeur implicite. Indice de la qualité des données indiquant, pour le questionnaire abrégé, un taux global de non-réponse inférieur à 10 %.",,,,,,,,,,,,,,,,,,,,,,,,,,,,,,,,,,,,,,,,,
"1 = Indice de la qualité des données indiquant, pour le questionnaire abrégé, un taux global de non-réponse supérieur ou égal à 10 %, mais inférieur à 20 %.",,,,,,,,,,,,,,,,,,,,,,,,,,,,,,,,,,,,,,,,,
"2 = Indice de la qualité des données indiquant, pour le questionnaire abrégé, un taux global de non-réponse supérieur ou égal à 20 %, mais inférieur à 30 %.",,,,,,,,,,,,,,,,,,,,,,,,,,,,,,,,,,,,,,,,,
"3 = Indice de la qualité des données indiquant, pour le questionnaire abrégé, un taux global de non-réponse supérieur ou égal à 30 %, mais inférieur à 40 %.",,,,,,,,,,,,,,,,,,,,,,,,,,,,,,,,,,,,,,,,,
"4 = Indice de la qualité des données indiquant, pour le questionnaire abrégé, un taux global de non-réponse supérieur ou égal à 40 %, mais inférieur à 50 %.",,,,,,,,,,,,,,,,,,,,,,,,,,,,,,,,,,,,,,,,,
"5 = Indice de la qualité des données indiquant, pour le questionnaire abrégé, un taux global de non-réponse supérieur ou égal à 50 % (supprimé).",,,,,,,,,,,,,,,,,,,,,,,,,,,,,,,,,,,,,,,,,
9 = Confidentiel en vertu des dispositions de la Loi sur la statistique pour les données relatives au questionnaire abrégé.,,,,,,,,,,,,,,,,,,,,,,,,,,,,,,,,,,,,,,,,,
,,,,,,,,,,,,,,,,,,,,,,,,,,,,,,,,,,,,,,,,,
Indicateur relatif à la qualité des données sur le revenu pour le questionnaire abrégé.,,,,,,,,,,,,,,,,,,,,,,,,,,,,,,,,,,,,,,,,,
"0 = Valeur implicite. Indice de la qualité des données sur le revenu  indiquant, pour le questionnaire abrégé, un taux de non-réponse inférieur à 10 %.",,,,,,,,,,,,,,,,,,,,,,,,,,,,,,,,,,,,,,,,,
"1 = Indice de la qualité des données sur le revenu  indiquant, pour le questionnaire abrégé, un taux de non-réponse supérieur ou égal à 10 %, mais inférieur à 20 %.",,,,,,,,,,,,,,,,,,,,,,,,,,,,,,,,,,,,,,,,,
"2 = Indice de la qualité des données sur le revenu  indiquant, pour le questionnaire abrégé, un taux de non-réponse supérieur ou égal à 20 %, mais inférieur à 30 %.",,,,,,,,,,,,,,,,,,,,,,,,,,,,,,,,,,,,,,,,,
"3 = Indice de la qualité des données sur le revenu indiquant, pour le questionnaire abrégé, un taux de non-réponse supérieur ou égal à 30 %.",,,,,,,,,,,,,,,,,,,,,,,,,,,,,,,,,,,,,,,,,
9 = Confidentiel en vertu des dispositions de la Loi sur la statistique pour les données relatives au revenu du questionnaire abrégé.,,,,,,,,,,,,,,,,,,,,,,,,,,,,,,,,,,,,,,,,,
,,,,,,,,,,,,,,,,,,,,,,,,,,,,,,,,,,,,,,,,,
Indicateur relatif à la qualité des données pour le questionnaire détaillé,,,,,,,,,,,,,,,,,,,,,,,,,,,,,,,,,,,,,,,,,
"0 = Valeur implicite. Indice de la qualité des données indiquant, pour le questionnaire détaillé, un taux global de non-réponse inférieur à 10 %.",,,,,,,,,,,,,,,,,,,,,,,,,,,,,,,,,,,,,,,,,
"1 = Indice de la qualité des données indiquant, pour le questionnaire détaillé, un taux global de non-réponse supérieur ou égal à 10 %, mais inférieur à 20 %.",,,,,,,,,,,,,,,,,,,,,,,,,,,,,,,,,,,,,,,,,
"2 = Indice de la qualité des données indiquant, pour le questionnaire détaillé, un taux global de non-réponse supérieur ou égal à 20 %, mais inférieur à 30 %.",,,,,,,,,,,,,,,,,,,,,,,,,,,,,,,,,,,,,,,,,
"3 = Indice de la qualité des données indiquant, pour le questionnaire détaillé, un taux global de non-réponse supérieur ou égal à 30 %, mais inférieur à 40 %.",,,,,,,,,,,,,,,,,,,,,,,,,,,,,,,,,,,,,,,,,
"4 = Indice de la qualité des données indiquant, pour le questionnaire détaillé, un taux global de non-réponse supérieur ou égal à 40 %, mais inférieur à 50 %.",,,,,,,,,,,,,,,,,,,,,,,,,,,,,,,,,,,,,,,,,
"5 = Indice de la qualité des données indiquant, pour le questionnaire détaillé, un taux global de non-réponse supérieur ou égal à 50 % (supprimé).",,,,,,,,,,,,,,,,,,,,,,,,,,,,,,,,,,,,,,,,,
9 = Confidentiel en vertu des dispositions de la Loi sur la statistique pour les données relatives au questionnaire détaillé.,,,,,,,,,,,,,,,,,,,,,,,,,,,,,,,,,,,,,,,,,
,,,,,,,,,,,,,,,,,,,,,,,,,,,,,,,,,,,,,,,,,
Indicateur relatif à la qualité des données sur le revenu pour le questionnaire détaillé ,,,,,,,,,,,,,,,,,,,,,,,,,,,,,,,,,,,,,,,,,
"0 = Valeur implicite. Indice de la qualité des données sur le revenu  indiquant, pour le questionnaire détaillé, un taux de non-réponse inférieur à 10 %.",,,,,,,,,,,,,,,,,,,,,,,,,,,,,,,,,,,,,,,,,
"1 = Indice de la qualité des données sur le revenu  indiquant, pour le questionnaire détaillé, un taux de non-réponse supérieur ou égal à 10 %, mais inférieur à 20 %.",,,,,,,,,,,,,,,,,,,,,,,,,,,,,,,,,,,,,,,,,
"2 = Indice de la qualité des données sur le revenu  indiquant, pour le questionnaire détaillé, un taux de non-réponse supérieur ou égal à 20 %, mais inférieur à 30 %.",,,,,,,,,,,,,,,,,,,,,,,,,,,,,,,,,,,,,,,,,
"3 = Indice de la qualité des données sur le revenu indiquant, pour le questionnaire détaillé, un taux de non-réponse supérieur ou égal à 30 %.",,,,,,,,,,,,,,,,,,,,,,,,,,,,,,,,,,,,,,,,,
9 = Confidentiel en vertu des dispositions de la Loi sur la statistique pour les données relatives au revenu du questionnaire détaillé.,,,,,,,,,,,,,,,,,,,,,,,,,,,,,,,,,,,,,,,,,
,,,,,,,,,,,,,,,,,,,,,,,,,,,,,,,,,,,,,,,,,
"Source : Statistique Canada, Recensement de la population de 2016.",,,,,,,,,,,,,,,,,,,,,,,,,,,,,,,,,,,,,,,,,
,,,,,,,,,,,,,,,,,,,,,,,,,,,,,,,,,,,,,,,,,
Comment citer : Statistique Canada. 2017. Besoins impérieux en matière de logement. Recensement de 2016.,,,,,,,,,,,,,,,,,,,,,,,,,,,,,,,,,,,,,,,,,
Produit no 98-509-X2016001 au catalogue de Statistique Canada. Ottawa. Diffusé le 15 novembre 2017.,,,,,,,,,,,,,,,,,,,,,,,,,,,,,,,,,,,,,,,,,
http://www12.statcan.gc.ca/census-recensement/2016/dp-pd/chn-biml/index-fra.cfm,,,,,,,,,,,,,,,,,,,,,,,,,,,,,,,,,,,,,,,,,
